Network1	Network2	Overlap	Overlap.type	Attribute.type
FunCoup	HumanNet	0.6544916090819348	JI	V
FunCoup	HumanNet	0.8795161919625439	SS	V
FunCoup	STRING	0.6735465476633197	JI	V
FunCoup	STRING	0.8479906359734686	SS	V
HumanNet	STRING	0.7481121582860153	JI	V
HumanNet	STRING	0.9008881996334416	SS	V
Ghiassian	STRING	0.6846017914813235	JI	V
Ghiassian	STRING	0.8346953937592868	SS	V
Ghiassian	FunCoup	0.6516846869499623	JI	V
Ghiassian	FunCoup	0.8089738587592665	SS	V
Ghiassian	HumanNet	0.6741553665823948	JI	V
Ghiassian	HumanNet	0.8716939078751857	SS	V
FunCoup	HumanNet	0.04123918499273893	JI	E
FunCoup	HumanNet	0.25710579392087	SS	E
FunCoup	STRING	0.08356692622434933	JI	E
FunCoup	STRING	0.3383309496018895	SS	E
HumanNet	STRING	0.19305765606929404	JI	E
HumanNet	STRING	0.424188575642609	SS	E
Ghiassian	STRING	0.13578979780355127	JI	E
Ghiassian	STRING	0.2771641370541874	SS	E
Ghiassian	FunCoup	0.06334811099834982	JI	E
Ghiassian	FunCoup	0.3255723233184278	SS	E
Ghiassian	HumanNet	0.10479863009477526	JI	E
Ghiassian	HumanNet	0.2115256466072555	SS	E
