Method	Network	data.type	fullSRR
TOPAS(1)	FunCoup	70 diseases	0.1
TOPAS(1)	FunCoup	Drug targets	0.07727272727272727
TOPAS(1)	FunCoup	KEGG diseases	0.10869565217391304
TOPAS(1)	Ghiassian	70 diseases	0.07142857142857142
TOPAS(1)	Ghiassian	Drug targets	0.17727272727272728
TOPAS(1)	Ghiassian	KEGG diseases	0.33695652173913043
TOPAS(1)	HumanNet	70 diseases	0.014285714285714285
TOPAS(1)	HumanNet	Drug targets	0.2318181818181818
TOPAS(1)	HumanNet	KEGG diseases	0.44565217391304346
TOPAS(1)	STRING	70 diseases	0.1
TOPAS(1)	STRING	Drug targets	0.2318181818181818
TOPAS(1)	STRING	KEGG diseases	0.8478260869565217
TOPAS(2)	FunCoup	70 diseases	0.6285714285714286
TOPAS(2)	FunCoup	Drug targets	0.6590909090909091
TOPAS(2)	FunCoup	KEGG diseases	0.782608695652174
TOPAS(2)	Ghiassian	70 diseases	0.5714285714285714
TOPAS(2)	Ghiassian	Drug targets	0.7818181818181819
TOPAS(2)	Ghiassian	KEGG diseases	0.9565217391304348
TOPAS(2)	HumanNet	70 diseases	0.11428571428571428
TOPAS(2)	HumanNet	Drug targets	0.759090909090909
TOPAS(2)	HumanNet	KEGG diseases	0.8043478260869565
TOPAS(2)	STRING	70 diseases	0.5571428571428572
TOPAS(2)	STRING	Drug targets	0.7727272727272727
TOPAS(2)	STRING	KEGG diseases	0.9782608695652174
TOPAS(3)	FunCoup	70 diseases	0.9571428571428572
TOPAS(3)	FunCoup	Drug targets	0.9318181818181818
TOPAS(3)	FunCoup	KEGG diseases	0.967391304347826
TOPAS(3)	Ghiassian	70 diseases	0.9714285714285714
TOPAS(3)	Ghiassian	Drug targets	0.9954545454545455
TOPAS(3)	Ghiassian	KEGG diseases	0.9891304347826086
TOPAS(3)	HumanNet	70 diseases	0.6285714285714286
TOPAS(3)	HumanNet	Drug targets	0.9681818181818181
TOPAS(3)	HumanNet	KEGG diseases	0.9565217391304348
TOPAS(3)	STRING	70 diseases	0.9142857142857143
TOPAS(3)	STRING	Drug targets	0.9590909090909091
TOPAS(3)	STRING	KEGG diseases	0.9891304347826086
SCA	FunCoup	70 diseases	0.17142857142857143
SCA	FunCoup	Drug targets	0.22272727272727272
SCA	FunCoup	KEGG diseases	0.13043478260869565
SCA	Ghiassian	70 diseases	0.11428571428571428
SCA	Ghiassian	Drug targets	0.34545454545454546
SCA	Ghiassian	KEGG diseases	0.3804347826086957
SCA	HumanNet	70 diseases	0.02857142857142857
SCA	HumanNet	Drug targets	0.2590909090909091
SCA	HumanNet	KEGG diseases	0.4782608695652174
SCA	STRING	70 diseases	0.17142857142857143
SCA	STRING	Drug targets	0.3409090909090909
SCA	STRING	KEGG diseases	0.8586956521739131
ROBUST	FunCoup	70 diseases	0.2714285714285714
ROBUST	FunCoup	Drug targets	0.5772727272727273
ROBUST	FunCoup	KEGG diseases	0.17391304347826086
ROBUST	Ghiassian	70 diseases	0.5857142857142857
ROBUST	Ghiassian	Drug targets	0.8318181818181818
ROBUST	Ghiassian	KEGG diseases	0.532608695652174
ROBUST	HumanNet	70 diseases	0.8857142857142857
ROBUST	HumanNet	Drug targets	0.9636363636363636
ROBUST	HumanNet	KEGG diseases	0.8804347826086957
ROBUST	STRING	70 diseases	0.5428571428571428
ROBUST	STRING	Drug targets	0.6045454545454545
ROBUST	STRING	KEGG diseases	0.6739130434782609
DIAMOnD	FunCoup	Drug targets	0.03636363636363636
DIAMOnD	Ghiassian	Drug targets	0.06818181818181818
DIAMOnD	Ghiassian	KEGG diseases	0.03260869565217391
DIAMOnD	HumanNet	70 diseases	0.014285714285714285
DIAMOnD	HumanNet	Drug targets	0.17272727272727273
DIAMOnD	HumanNet	KEGG diseases	0.17391304347826086
DIAMOnD	STRING	70 diseases	0.02857142857142857
DIAMOnD	STRING	Drug targets	0.1
DIAMOnD	STRING	KEGG diseases	0.32608695652173914
MaxLink	HumanNet	Drug targets	0.11818181818181818
MaxLink	HumanNet	KEGG diseases	0.06521739130434782
MaxLink	STRING	KEGG diseases	0.06521739130434782
DIAMOnD	FunCoup	70 diseases	0
DIAMOnD	FunCoup	KEGG diseases	0
MaxLink	FunCoup	70 diseases	0
MaxLink	FunCoup	Drug targets	0
MaxLink	FunCoup	KEGG diseases	0
MaxLink	Ghiassian	70 diseases	0
MaxLink	Ghiassian	Drug targets	0
MaxLink	Ghiassian	KEGG diseases	0
