Ensembl	Gene_Name
ENSG00000128604	IRF5
ENSG00000182185	RAD51B
ENSG00000081985	IL12RB2
ENSG00000162302	RPS6KA4
ENSG00000161405	IKZF3
ENSG00000166913	YWHAB
ENSG00000109323	MANBA
ENSG00000134516	DOCK2
ENSG00000109320	NFKB1
ENSG00000143815	LBR
ENSG00000112992	NNT
ENSG00000172531	PPP1CA
ENSG00000044574	HSPA5
ENSG00000179344	HLA-DQB1
ENSG00000100311	PDGFB
ENSG00000134602	STK26
ENSG00000100316	RPL3
ENSG00000138386	NAB1
ENSG00000155849	ELMO1
ENSG00000064419	TNPO3
ENSG00000113845	TIMMDC1
ENSG00000113721	PDGFRB
ENSG00000168811	IL12A
ENSG00000067182	TNFRSF1A
ENSG00000166710	B2M
ENSG00000140968	IRF8
ENSG00000154822	PLCL2
ENSG00000177885	GRB2
ENSG00000096996	IL12RB1
ENSG00000237541	HLA-DQA2
ENSG00000196126	HLA-DRB1
ENSG00000177455	CD19
ENSG00000110367	DDX6
ENSG00000100030	MAPK1
ENSG00000113302	IL12B
ENSG00000160683	CXCR5
ENSG00000287080	H3C1/H3C10/H3C11/H3C12/H3C2/H3C3/H3C4/H3C6/H3C7/H3C8
