Target	Method	Network	data.type	seeds	connectors
liver_cirrhosis_biliary	TOPAS(2)	FunCoup	70 diseases	ENSG00000128604,ENSG00000162302,ENSG00000109320,ENSG00000067182,ENSG00000140968	ENSG00000177885,ENSG00000100030
liver_cirrhosis_biliary	TOPAS(2)	FunCoup	70 diseases	ENSG00000182185,ENSG00000143815,ENSG00000100316,ENSG00000154822	ENSG00000172531,ENSG00000044574,ENSG00000287080
liver_cirrhosis_biliary	TOPAS(2)	FunCoup	70 diseases	ENSG00000161405,ENSG00000064419,ENSG00000110367	ENSG00000166913,ENSG00000134602
liver_cirrhosis_biliary	TOPAS(2)	FunCoup	70 diseases	ENSG00000081985,ENSG00000168811	ENSG00000096996,ENSG00000113302
liver_cirrhosis_biliary	TOPAS(2)	FunCoup	70 diseases	ENSG00000109323,ENSG00000155849	ENSG00000134516
liver_cirrhosis_biliary	TOPAS(2)	FunCoup	70 diseases	ENSG00000179344,ENSG00000237541,ENSG00000160683	ENSG00000166710,ENSG00000196126,ENSG00000177455
liver_cirrhosis_biliary	TOPAS(2)	FunCoup	70 diseases	ENSG00000138386,ENSG00000113845	ENSG00000112992
liver_cirrhosis_biliary	TOPAS(2)	FunCoup	70 diseases	ENSG00000100311	ENSG00000113721
