Ensembl	Gene_Name	Method
ENSG00000106089	STX1A	TOPAS(2)
ENSG00000112759	SLC29A1	TOPAS(2)
ENSG00000072062	PRKACA	TOPAS(2)
ENSG00000198814	GK	TOPAS(2)
ENSG00000106462	EZH2	TOPAS(2)
ENSG00000051180	RAD51	TOPAS(2)
ENSG00000111674	ENO2	TOPAS(2)
ENSG00000089157	RPLP0	TOPAS(2)
ENSG00000182774	RPS17	SCA
ENSG00000070756	PABPC1	SCA
ENSG00000215301	DDX3X	SCA
ENSG00000049618	ARID1B	SCA
ENSG00000124198	ARFGEF2	SCA
ENSG00000198814	GK	SCA
ENSG00000066777	ARFGEF1	SCA
ENSG00000051180	RAD51	SCA
ENSG00000049618	ARID1B	ROBUST
ENSG00000112759	SLC29A1	ROBUST
ENSG00000106462	EZH2	ROBUST
ENSG00000051180	RAD51	ROBUST
ENSG00000089157	RPLP0	ROBUST
