Target	elapsedTime	algorithm.userTime	SystemTime	data.type	seeds.network	Method	Network
hsa04934	9.45	8.06	1.38	KEGG diseases	152	TOPAS(1)-1cores	HumanNet
hsa04950	4.85	4.31	0.55	KEGG diseases	25	TOPAS(1)-1cores	HumanNet
hsa05010	38.42	32.23	6.1	KEGG diseases	364	TOPAS(1)-1cores	HumanNet
hsa05012	27.72	23.28	4.38	KEGG diseases	249	TOPAS(1)-1cores	HumanNet
hsa05014	33.61	28.24	5.3	KEGG diseases	343	TOPAS(1)-1cores	HumanNet
hsa05016	28.92	24.27	4.59	KEGG diseases	287	TOPAS(1)-1cores	HumanNet
hsa05020	28.51	23.94	4.51	KEGG diseases	253	TOPAS(1)-1cores	HumanNet
hsa05022	43.37	36.43	6.82	KEGG diseases	454	TOPAS(1)-1cores	HumanNet
hsa05132	15.1	12.69	2.39	KEGG diseases	247	TOPAS(1)-1cores	HumanNet
hsa05162	15.64	13.14	2.45	KEGG diseases	138	TOPAS(1)-1cores	HumanNet
hsa05164	18.6	15.69	2.87	KEGG diseases	166	TOPAS(1)-1cores	HumanNet
hsa05165	26.69	22.31	4.31	KEGG diseases	328	TOPAS(1)-1cores	HumanNet
hsa05171	26.42	22.08	4.28	KEGG diseases	226	TOPAS(1)-1cores	HumanNet
hsa05200	52.91	44.66	8.1	KEGG diseases	527	TOPAS(1)-1cores	HumanNet
hsa05205	13.53	11.43	2.08	KEGG diseases	202	TOPAS(1)-1cores	HumanNet
hsa05208	31.26	26.1	5.1	KEGG diseases	205	TOPAS(1)-1cores	HumanNet
hsa05219	5.22	4.61	0.61	KEGG diseases	41	TOPAS(1)-1cores	HumanNet
hsa05223	9.06	7.62	1.21	KEGG diseases	72	TOPAS(1)-1cores	HumanNet
hsa05231	7.28	6.26	0.93	KEGG diseases	97	TOPAS(1)-1cores	HumanNet
hsa05321	12.59	10.53	1.75	KEGG diseases	63	TOPAS(1)-1cores	HumanNet
hsa05322	13	10.97	1.92	KEGG diseases	128	TOPAS(1)-1cores	HumanNet
hsa05332	6.15	5.34	0.81	KEGG diseases	38	TOPAS(1)-1cores	HumanNet
hsa05415	25.59	21.35	4.18	KEGG diseases	186	TOPAS(1)-1cores	HumanNet
hsa04934	27.89	23.33	4.51	KEGG diseases	152	TOPAS(2)-1cores	HumanNet
hsa04950	5.45	4.82	0.62	KEGG diseases	25	TOPAS(2)-1cores	HumanNet
hsa05010	152.27	132.16	19.55	KEGG diseases	364	TOPAS(2)-1cores	HumanNet
hsa05012	75.99	64.27	11.5	KEGG diseases	249	TOPAS(2)-1cores	HumanNet
hsa05014	91.78	78.55	12.89	KEGG diseases	343	TOPAS(2)-1cores	HumanNet
hsa05016	72.51	61.35	10.94	KEGG diseases	287	TOPAS(2)-1cores	HumanNet
hsa05020	77.31	65.75	11.33	KEGG diseases	253	TOPAS(2)-1cores	HumanNet
hsa05022	217.55	190.24	26.63	KEGG diseases	454	TOPAS(2)-1cores	HumanNet
hsa05132	67.72	57.24	10.28	KEGG diseases	247	TOPAS(2)-1cores	HumanNet
hsa05162	86.87	74.23	12.24	KEGG diseases	138	TOPAS(2)-1cores	HumanNet
hsa05164	111.81	95.67	15.73	KEGG diseases	166	TOPAS(2)-1cores	HumanNet
hsa05165	179.43	155.76	23.06	KEGG diseases	328	TOPAS(2)-1cores	HumanNet
hsa05171	111.35	95.02	15.98	KEGG diseases	226	TOPAS(2)-1cores	HumanNet
hsa05200	828.78	752.99	72.8	KEGG diseases	527	TOPAS(2)-1cores	HumanNet
hsa05205	83.21	70.99	11.96	KEGG diseases	202	TOPAS(2)-1cores	HumanNet
hsa05208	89	75.68	13.05	KEGG diseases	205	TOPAS(2)-1cores	HumanNet
hsa05219	7.54	6.63	0.92	KEGG diseases	41	TOPAS(2)-1cores	HumanNet
hsa05223	19.82	16.5	3.21	KEGG diseases	72	TOPAS(2)-1cores	HumanNet
hsa05231	14.91	12.52	2.36	KEGG diseases	97	TOPAS(2)-1cores	HumanNet
hsa05321	20.74	17.32	3.37	KEGG diseases	63	TOPAS(2)-1cores	HumanNet
hsa05322	43.05	35.92	6.66	KEGG diseases	128	TOPAS(2)-1cores	HumanNet
hsa05332	9.67	8.25	1.38	KEGG diseases	38	TOPAS(2)-1cores	HumanNet
hsa05415	67.27	56.89	10.17	KEGG diseases	186	TOPAS(2)-1cores	HumanNet
hsa04934	139.96	119.76	18.29	KEGG diseases	152	TOPAS(3)-1cores	HumanNet
hsa04950	5.13	4.57	0.56	KEGG diseases	25	TOPAS(3)-1cores	HumanNet
hsa05010	1373.14	1260.35	107.09	KEGG diseases	364	TOPAS(3)-1cores	HumanNet
hsa05012	433.53	387.84	43.19	KEGG diseases	249	TOPAS(3)-1cores	HumanNet
hsa05014	884.59	800.5	79.38	KEGG diseases	343	TOPAS(3)-1cores	HumanNet
hsa05016	423.6	375.6	45.44	KEGG diseases	287	TOPAS(3)-1cores	HumanNet
hsa05020	572.39	509.96	57.9	KEGG diseases	253	TOPAS(3)-1cores	HumanNet
hsa05022	2430.48	2257.34	161.04	KEGG diseases	454	TOPAS(3)-1cores	HumanNet
hsa05132	282.55	250.85	30.68	KEGG diseases	247	TOPAS(3)-1cores	HumanNet
hsa05162	206.06	180.6	23.93	KEGG diseases	138	TOPAS(3)-1cores	HumanNet
hsa05164	299.24	265.07	33.16	KEGG diseases	166	TOPAS(3)-1cores	HumanNet
hsa05165	1220.56	1108.12	100.89	KEGG diseases	328	TOPAS(3)-1cores	HumanNet
hsa05171	650.93	590.55	58.11	KEGG diseases	226	TOPAS(3)-1cores	HumanNet
hsa05200	7436.37	6976.67	415.32	KEGG diseases	527	TOPAS(3)-1cores	HumanNet
hsa05205	331.1	294.91	34.93	KEGG diseases	202	TOPAS(3)-1cores	HumanNet
hsa05208	926.32	846.44	76.34	KEGG diseases	205	TOPAS(3)-1cores	HumanNet
hsa05219	11.29	9.81	1.47	KEGG diseases	41	TOPAS(3)-1cores	HumanNet
hsa05223	36.49	31.21	5.19	KEGG diseases	72	TOPAS(3)-1cores	HumanNet
hsa05231	37.01	31.58	5.33	KEGG diseases	97	TOPAS(3)-1cores	HumanNet
hsa05321	26.5	22.34	4.1	KEGG diseases	63	TOPAS(3)-1cores	HumanNet
hsa05322	77.74	66.88	10.63	KEGG diseases	128	TOPAS(3)-1cores	HumanNet
hsa05332	8.98	7.71	1.25	KEGG diseases	38	TOPAS(3)-1cores	HumanNet
hsa05415	391.46	350.02	40.01	KEGG diseases	186	TOPAS(3)-1cores	HumanNet
hsa04934	21	20.78	0.12	KEGG diseases	152	SCA	HumanNet
hsa04950	0.75	0.67	0.07	KEGG diseases	25	SCA	HumanNet
hsa05010	188.05	186.72	0.51	KEGG diseases	364	SCA	HumanNet
hsa05012	68.15	67.67	0.25	KEGG diseases	249	SCA	HumanNet
hsa05014	114.03	113.3	0.31	KEGG diseases	343	SCA	HumanNet
hsa05016	968.67	136.67	0.36	KEGG diseases	287	SCA	HumanNet
hsa05020	87.03	86.24	0.36	KEGG diseases	253	SCA	HumanNet
hsa05022	245.49	243.6	0.78	KEGG diseases	454	SCA	HumanNet
hsa05132	52.87	52.73	0.1	KEGG diseases	247	SCA	HumanNet
hsa05162	16.59	16.45	0.09	KEGG diseases	138	SCA	HumanNet
hsa05164	24.77	24.65	0.09	KEGG diseases	166	SCA	HumanNet
hsa05165	85.35	84.98	0.2	KEGG diseases	328	SCA	HumanNet
hsa05171	19.72	19.55	0.08	KEGG diseases	226	SCA	HumanNet
hsa05200	204.99	204.26	0.37	KEGG diseases	527	SCA	HumanNet
hsa05205	38.59	38.39	0.13	KEGG diseases	202	SCA	HumanNet
hsa05208	28.33	28.06	0.15	KEGG diseases	205	SCA	HumanNet
hsa05219	2.9	2.82	0.07	KEGG diseases	41	SCA	HumanNet
hsa05223	1.3	1.21	0.06	KEGG diseases	72	SCA	HumanNet
hsa05231	5.71	5.62	0.07	KEGG diseases	97	SCA	HumanNet
hsa05321	1.91	1.83	0.06	KEGG diseases	63	SCA	HumanNet
hsa05322	8.41	8.31	0.08	KEGG diseases	128	SCA	HumanNet
hsa05332	0.85	0.77	0.06	KEGG diseases	38	SCA	HumanNet
hsa05415	45.28	45.03	0.16	KEGG diseases	186	SCA	HumanNet
hsa04934	3	3.21	0.17	KEGG diseases	152	DIAMOnD	HumanNet
hsa04950	2.08	2.29	0.17	KEGG diseases	25	DIAMOnD	HumanNet
hsa05010	4.36	4.56	0.17	KEGG diseases	364	DIAMOnD	HumanNet
hsa05012	3.9	4.11	0.17	KEGG diseases	249	DIAMOnD	HumanNet
hsa05014	4.18	4.39	0.17	KEGG diseases	343	DIAMOnD	HumanNet
hsa05016	3.74	3.94	0.17	KEGG diseases	287	DIAMOnD	HumanNet
hsa05020	4.03	4.24	0.17	KEGG diseases	253	DIAMOnD	HumanNet
hsa05022	4.77	4.98	0.17	KEGG diseases	454	DIAMOnD	HumanNet
hsa05132	4.09	4.3	0.17	KEGG diseases	247	DIAMOnD	HumanNet
hsa05162	3.9	4.1	0.18	KEGG diseases	138	DIAMOnD	HumanNet
hsa05164	3.95	4.15	0.18	KEGG diseases	166	DIAMOnD	HumanNet
hsa05165	4.28	4.48	0.18	KEGG diseases	328	DIAMOnD	HumanNet
hsa05171	3.94	4.13	0.19	KEGG diseases	226	DIAMOnD	HumanNet
hsa05200	6.26	6.46	0.18	KEGG diseases	527	DIAMOnD	HumanNet
hsa05205	4.05	4.25	0.18	KEGG diseases	202	DIAMOnD	HumanNet
hsa05208	4.69	4.88	0.19	KEGG diseases	205	DIAMOnD	HumanNet
hsa05219	2.75	2.95	0.18	KEGG diseases	41	DIAMOnD	HumanNet
hsa05223	2.9	3.09	0.18	KEGG diseases	72	DIAMOnD	HumanNet
hsa05231	3.04	3.24	0.18	KEGG diseases	97	DIAMOnD	HumanNet
hsa05321	3.01	3.21	0.18	KEGG diseases	63	DIAMOnD	HumanNet
hsa05322	3.15	3.34	0.19	KEGG diseases	128	DIAMOnD	HumanNet
hsa05332	2.64	2.84	0.18	KEGG diseases	38	DIAMOnD	HumanNet
hsa05415	4.35	4.54	0.19	KEGG diseases	186	DIAMOnD	HumanNet
hsa04934	8.24	8.14	0.44	KEGG diseases	152	ROBUST	HumanNet
hsa04950	3.59	3.62	0.32	KEGG diseases	25	ROBUST	HumanNet
hsa05010	7.03	6.95	0.43	KEGG diseases	364	ROBUST	HumanNet
hsa05012	5.5	5.44	0.41	KEGG diseases	249	ROBUST	HumanNet
hsa05014	10.68	10.56	0.45	KEGG diseases	343	ROBUST	HumanNet
hsa05016	6.97	6.91	0.41	KEGG diseases	287	ROBUST	HumanNet
hsa05020	6.41	6.35	0.42	KEGG diseases	253	ROBUST	HumanNet
hsa05022	11.09	10.94	0.48	KEGG diseases	454	ROBUST	HumanNet
hsa05132	10.65	10.51	0.47	KEGG diseases	247	ROBUST	HumanNet
hsa05162	6.13	6.08	0.4	KEGG diseases	138	ROBUST	HumanNet
hsa05164	6.94	6.85	0.43	KEGG diseases	166	ROBUST	HumanNet
hsa05165	10.74	10.59	0.47	KEGG diseases	328	ROBUST	HumanNet
hsa05171	6.61	6.52	0.43	KEGG diseases	226	ROBUST	HumanNet
hsa05200	9.53	9.42	0.44	KEGG diseases	527	ROBUST	HumanNet
hsa05205	5.76	5.68	0.43	KEGG diseases	202	ROBUST	HumanNet
hsa05208	10.22	10.11	0.44	KEGG diseases	205	ROBUST	HumanNet
hsa05219	6.1	6.04	0.41	KEGG diseases	41	ROBUST	HumanNet
hsa05223	5.61	5.58	0.39	KEGG diseases	72	ROBUST	HumanNet
hsa05231	5.33	5.29	0.4	KEGG diseases	97	ROBUST	HumanNet
hsa05321	3.9	3.92	0.33	KEGG diseases	63	ROBUST	HumanNet
hsa05322	6.04	5.97	0.41	KEGG diseases	128	ROBUST	HumanNet
hsa05332	3.56	3.62	0.31	KEGG diseases	38	ROBUST	HumanNet
hsa05415	6.85	6.77	0.43	KEGG diseases	186	ROBUST	HumanNet
hsa04934	1.7	1.84	0.23	KEGG diseases	152	MaxLink	HumanNet
hsa04950	1.55	1.68	0.23	KEGG diseases	25	MaxLink	HumanNet
hsa05010	2.75	2.73	0.37	KEGG diseases	364	MaxLink	HumanNet
hsa05012	2.12	2.15	0.32	KEGG diseases	249	MaxLink	HumanNet
hsa05014	2.07	2.13	0.28	KEGG diseases	343	MaxLink	HumanNet
hsa05016	1.73	1.85	0.23	KEGG diseases	287	MaxLink	HumanNet
hsa05020	1.73	1.86	0.23	KEGG diseases	253	MaxLink	HumanNet
hsa05022	1.91	2.05	0.22	KEGG diseases	454	MaxLink	HumanNet
hsa05132	1.72	1.87	0.22	KEGG diseases	247	MaxLink	HumanNet
hsa05162	1.63	1.78	0.22	KEGG diseases	138	MaxLink	HumanNet
hsa05164	1.59	1.75	0.2	KEGG diseases	166	MaxLink	HumanNet
hsa05165	1.78	1.93	0.22	KEGG diseases	328	MaxLink	HumanNet
hsa05171	1.62	1.78	0.21	KEGG diseases	226	MaxLink	HumanNet
hsa05200	1.93	2.09	0.22	KEGG diseases	527	MaxLink	HumanNet
hsa05205	1.73	1.89	0.21	KEGG diseases	202	MaxLink	HumanNet
hsa05208	1.63	1.79	0.21	KEGG diseases	205	MaxLink	HumanNet
hsa05219	1.54	1.7	0.22	KEGG diseases	41	MaxLink	HumanNet
hsa05223	1.59	1.72	0.22	KEGG diseases	72	MaxLink	HumanNet
hsa05231	1.54	1.69	0.22	KEGG diseases	97	MaxLink	HumanNet
hsa05321	1.59	1.73	0.23	KEGG diseases	63	MaxLink	HumanNet
hsa05322	1.58	1.73	0.23	KEGG diseases	128	MaxLink	HumanNet
hsa05332	1.52	1.68	0.22	KEGG diseases	38	MaxLink	HumanNet
hsa05415	1.61	1.77	0.21	KEGG diseases	186	MaxLink	HumanNet
hsa04934	6.83	4.12	0.42	KEGG diseases	152	TOPAS(1)-4cores	HumanNet
hsa04950	4.95	3.75	0.39	KEGG diseases	25	TOPAS(1)-4cores	HumanNet
hsa05010	15.75	5.01	0.51	KEGG diseases	364	TOPAS(1)-4cores	HumanNet
hsa05012	12.58	4.38	0.44	KEGG diseases	249	TOPAS(1)-4cores	HumanNet
hsa05014	14.17	4.71	0.48	KEGG diseases	343	TOPAS(1)-4cores	HumanNet
hsa05016	13.1	4.57	0.46	KEGG diseases	287	TOPAS(1)-4cores	HumanNet
hsa05020	12.59	4.51	0.45	KEGG diseases	253	TOPAS(1)-4cores	HumanNet
hsa05022	16.94	5.44	0.56	KEGG diseases	454	TOPAS(1)-4cores	HumanNet
hsa05132	8.97	4.61	0.45	KEGG diseases	247	TOPAS(1)-4cores	HumanNet
hsa05162	8.73	4.41	0.46	KEGG diseases	138	TOPAS(1)-4cores	HumanNet
hsa05164	10	4.42	0.45	KEGG diseases	166	TOPAS(1)-4cores	HumanNet
hsa05165	13.34	5.26	0.54	KEGG diseases	328	TOPAS(1)-4cores	HumanNet
hsa05171	12.39	4.75	0.51	KEGG diseases	226	TOPAS(1)-4cores	HumanNet
hsa05200	17.84	6.03	0.65	KEGG diseases	527	TOPAS(1)-4cores	HumanNet
hsa05205	8.53	4.54	0.46	KEGG diseases	202	TOPAS(1)-4cores	HumanNet
hsa05208	13.41	4.48	0.47	KEGG diseases	205	TOPAS(1)-4cores	HumanNet
hsa05219	5.11	3.83	0.39	KEGG diseases	41	TOPAS(1)-4cores	HumanNet
hsa05223	5.95	3.93	0.39	KEGG diseases	72	TOPAS(1)-4cores	HumanNet
hsa05231	5.95	4.04	0.4	KEGG diseases	97	TOPAS(1)-4cores	HumanNet
hsa05321	6.58	3.88	0.4	KEGG diseases	63	TOPAS(1)-4cores	HumanNet
hsa05322	7.52	4.16	0.43	KEGG diseases	128	TOPAS(1)-4cores	HumanNet
hsa05332	5.57	3.87	0.4	KEGG diseases	38	TOPAS(1)-4cores	HumanNet
hsa05415	11.54	4.22	0.43	KEGG diseases	186	TOPAS(1)-4cores	HumanNet
hsa04934	12.73	4.73	0.48	KEGG diseases	152	TOPAS(2)-4cores	HumanNet
hsa04950	5.05	3.75	0.39	KEGG diseases	25	TOPAS(2)-4cores	HumanNet
hsa05010	39.09	5.97	0.7	KEGG diseases	364	TOPAS(2)-4cores	HumanNet
hsa05012	23.32	5.03	0.55	KEGG diseases	249	TOPAS(2)-4cores	HumanNet
hsa05014	28.15	5.81	0.66	KEGG diseases	343	TOPAS(2)-4cores	HumanNet
hsa05016	23.03	5.38	0.59	KEGG diseases	287	TOPAS(2)-4cores	HumanNet
hsa05020	23.7	4.94	0.54	KEGG diseases	253	TOPAS(2)-4cores	HumanNet
hsa05022	48.21	7.03	0.86	KEGG diseases	454	TOPAS(2)-4cores	HumanNet
hsa05132	22.16	5.5	0.58	KEGG diseases	247	TOPAS(2)-4cores	HumanNet
hsa05162	24.93	4.89	0.5	KEGG diseases	138	TOPAS(2)-4cores	HumanNet
hsa05164	26.96	4.52	0.5	KEGG diseases	166	TOPAS(2)-4cores	HumanNet
hsa05165	39.41	5.8	0.68	KEGG diseases	328	TOPAS(2)-4cores	HumanNet
hsa05171	30.44	5.26	0.6	KEGG diseases	226	TOPAS(2)-4cores	HumanNet
hsa05200	168.36	10.09	1.23	KEGG diseases	527	TOPAS(2)-4cores	HumanNet
hsa05205	25.1	5.41	0.62	KEGG diseases	202	TOPAS(2)-4cores	HumanNet
hsa05208	25.75	5.13	0.57	KEGG diseases	205	TOPAS(2)-4cores	HumanNet
hsa05219	5.89	3.87	0.38	KEGG diseases	41	TOPAS(2)-4cores	HumanNet
hsa05223	9.14	4.05	0.39	KEGG diseases	72	TOPAS(2)-4cores	HumanNet
hsa05231	8.5	4.22	0.4	KEGG diseases	97	TOPAS(2)-4cores	HumanNet
hsa05321	9.7	3.98	0.39	KEGG diseases	63	TOPAS(2)-4cores	HumanNet
hsa05322	15.51	4.18	0.42	KEGG diseases	128	TOPAS(2)-4cores	HumanNet
hsa05332	6.38	3.84	0.39	KEGG diseases	38	TOPAS(2)-4cores	HumanNet
hsa05415	21.45	4.92	0.51	KEGG diseases	186	TOPAS(2)-4cores	HumanNet
hsa04934	35.7	6.14	0.68	KEGG diseases	152	TOPAS(3)-4cores	HumanNet
hsa04950	5.08	3.72	0.38	KEGG diseases	25	TOPAS(3)-4cores	HumanNet
hsa05010	270.15	11	1.39	KEGG diseases	364	TOPAS(3)-4cores	HumanNet
hsa05012	93.04	6.93	0.87	KEGG diseases	249	TOPAS(3)-4cores	HumanNet
hsa05014	169.59	8.66	1.15	KEGG diseases	343	TOPAS(3)-4cores	HumanNet
hsa05016	76.18	7.91	1	KEGG diseases	287	TOPAS(3)-4cores	HumanNet
hsa05020	109.94	7.95	0.97	KEGG diseases	253	TOPAS(3)-4cores	HumanNet
hsa05022	569.16	15.83	2.23	KEGG diseases	454	TOPAS(3)-4cores	HumanNet
hsa05132	87.78	8.89	1.07	KEGG diseases	247	TOPAS(3)-4cores	HumanNet
hsa05162	66.13	6.37	0.74	KEGG diseases	138	TOPAS(3)-4cores	HumanNet
hsa05164	88.97	7.54	0.92	KEGG diseases	166	TOPAS(3)-4cores	HumanNet
hsa05165	328.48	12.59	1.63	KEGG diseases	328	TOPAS(3)-4cores	HumanNet
hsa05171	184.97	8.4	1.06	KEGG diseases	226	TOPAS(3)-4cores	HumanNet
hsa05200	1681.22	17.68	2.52	KEGG diseases	527	TOPAS(3)-4cores	HumanNet
hsa05205	74.39	7.75	0.93	KEGG diseases	202	TOPAS(3)-4cores	HumanNet
hsa05208	181.79	7.36	0.88	KEGG diseases	205	TOPAS(3)-4cores	HumanNet
hsa05219	7.27	4.08	0.41	KEGG diseases	41	TOPAS(3)-4cores	HumanNet
hsa05223	14.78	4.51	0.45	KEGG diseases	72	TOPAS(3)-4cores	HumanNet
hsa05231	13.68	4.59	0.43	KEGG diseases	97	TOPAS(3)-4cores	HumanNet
hsa05321	10.82	4.07	0.39	KEGG diseases	63	TOPAS(3)-4cores	HumanNet
hsa05322	21.16	4.46	0.45	KEGG diseases	128	TOPAS(3)-4cores	HumanNet
hsa05332	5.79	3.67	0.36	KEGG diseases	38	TOPAS(3)-4cores	HumanNet
hsa05415	77.46	6.47	0.77	KEGG diseases	186	TOPAS(3)-4cores	HumanNet
hsa04934	21	20.78	0.12	KEGG diseases	152	SCA	HumanNet
hsa04950	0.75	0.67	0.07	KEGG diseases	25	SCA	HumanNet
hsa05010	188.05	186.72	0.51	KEGG diseases	364	SCA	HumanNet
hsa05012	68.15	67.67	0.25	KEGG diseases	249	SCA	HumanNet
hsa05014	114.03	113.3	0.31	KEGG diseases	343	SCA	HumanNet
hsa05016	968.67	136.67	0.36	KEGG diseases	287	SCA	HumanNet
hsa05020	87.03	86.24	0.36	KEGG diseases	253	SCA	HumanNet
hsa05022	245.49	243.6	0.78	KEGG diseases	454	SCA	HumanNet
hsa05132	52.87	52.73	0.1	KEGG diseases	247	SCA	HumanNet
hsa05162	16.59	16.45	0.09	KEGG diseases	138	SCA	HumanNet
hsa05164	24.77	24.65	0.09	KEGG diseases	166	SCA	HumanNet
hsa05165	85.35	84.98	0.2	KEGG diseases	328	SCA	HumanNet
hsa05171	19.72	19.55	0.08	KEGG diseases	226	SCA	HumanNet
hsa05200	204.99	204.26	0.37	KEGG diseases	527	SCA	HumanNet
hsa05205	38.59	38.39	0.13	KEGG diseases	202	SCA	HumanNet
hsa05208	28.33	28.06	0.15	KEGG diseases	205	SCA	HumanNet
hsa05219	2.9	2.82	0.07	KEGG diseases	41	SCA	HumanNet
hsa05223	1.3	1.21	0.06	KEGG diseases	72	SCA	HumanNet
hsa05231	5.71	5.62	0.07	KEGG diseases	97	SCA	HumanNet
hsa05321	1.91	1.83	0.06	KEGG diseases	63	SCA	HumanNet
hsa05322	8.41	8.31	0.08	KEGG diseases	128	SCA	HumanNet
hsa05332	0.85	0.77	0.06	KEGG diseases	38	SCA	HumanNet
hsa05415	45.28	45.03	0.16	KEGG diseases	186	SCA	HumanNet
hsa04934	3	3.21	0.17	KEGG diseases	152	DIAMOnD	HumanNet
hsa04950	2.08	2.29	0.17	KEGG diseases	25	DIAMOnD	HumanNet
hsa05010	4.36	4.56	0.17	KEGG diseases	364	DIAMOnD	HumanNet
hsa05012	3.9	4.11	0.17	KEGG diseases	249	DIAMOnD	HumanNet
hsa05014	4.18	4.39	0.17	KEGG diseases	343	DIAMOnD	HumanNet
hsa05016	3.74	3.94	0.17	KEGG diseases	287	DIAMOnD	HumanNet
hsa05020	4.03	4.24	0.17	KEGG diseases	253	DIAMOnD	HumanNet
hsa05022	4.77	4.98	0.17	KEGG diseases	454	DIAMOnD	HumanNet
hsa05132	4.09	4.3	0.17	KEGG diseases	247	DIAMOnD	HumanNet
hsa05162	3.9	4.1	0.18	KEGG diseases	138	DIAMOnD	HumanNet
hsa05164	3.95	4.15	0.18	KEGG diseases	166	DIAMOnD	HumanNet
hsa05165	4.28	4.48	0.18	KEGG diseases	328	DIAMOnD	HumanNet
hsa05171	3.94	4.13	0.19	KEGG diseases	226	DIAMOnD	HumanNet
hsa05200	6.26	6.46	0.18	KEGG diseases	527	DIAMOnD	HumanNet
hsa05205	4.05	4.25	0.18	KEGG diseases	202	DIAMOnD	HumanNet
hsa05208	4.69	4.88	0.19	KEGG diseases	205	DIAMOnD	HumanNet
hsa05219	2.75	2.95	0.18	KEGG diseases	41	DIAMOnD	HumanNet
hsa05223	2.9	3.09	0.18	KEGG diseases	72	DIAMOnD	HumanNet
hsa05231	3.04	3.24	0.18	KEGG diseases	97	DIAMOnD	HumanNet
hsa05321	3.01	3.21	0.18	KEGG diseases	63	DIAMOnD	HumanNet
hsa05322	3.15	3.34	0.19	KEGG diseases	128	DIAMOnD	HumanNet
hsa05332	2.64	2.84	0.18	KEGG diseases	38	DIAMOnD	HumanNet
hsa05415	4.35	4.54	0.19	KEGG diseases	186	DIAMOnD	HumanNet
hsa04934	8.24	8.14	0.44	KEGG diseases	152	ROBUST	HumanNet
hsa04950	3.59	3.62	0.32	KEGG diseases	25	ROBUST	HumanNet
hsa05010	7.03	6.95	0.43	KEGG diseases	364	ROBUST	HumanNet
hsa05012	5.5	5.44	0.41	KEGG diseases	249	ROBUST	HumanNet
hsa05014	10.68	10.56	0.45	KEGG diseases	343	ROBUST	HumanNet
hsa05016	6.97	6.91	0.41	KEGG diseases	287	ROBUST	HumanNet
hsa05020	6.41	6.35	0.42	KEGG diseases	253	ROBUST	HumanNet
hsa05022	11.09	10.94	0.48	KEGG diseases	454	ROBUST	HumanNet
hsa05132	10.65	10.51	0.47	KEGG diseases	247	ROBUST	HumanNet
hsa05162	6.13	6.08	0.4	KEGG diseases	138	ROBUST	HumanNet
hsa05164	6.94	6.85	0.43	KEGG diseases	166	ROBUST	HumanNet
hsa05165	10.74	10.59	0.47	KEGG diseases	328	ROBUST	HumanNet
hsa05171	6.61	6.52	0.43	KEGG diseases	226	ROBUST	HumanNet
hsa05200	9.53	9.42	0.44	KEGG diseases	527	ROBUST	HumanNet
hsa05205	5.76	5.68	0.43	KEGG diseases	202	ROBUST	HumanNet
hsa05208	10.22	10.11	0.44	KEGG diseases	205	ROBUST	HumanNet
hsa05219	6.1	6.04	0.41	KEGG diseases	41	ROBUST	HumanNet
hsa05223	5.61	5.58	0.39	KEGG diseases	72	ROBUST	HumanNet
hsa05231	5.33	5.29	0.4	KEGG diseases	97	ROBUST	HumanNet
hsa05321	3.9	3.92	0.33	KEGG diseases	63	ROBUST	HumanNet
hsa05322	6.04	5.97	0.41	KEGG diseases	128	ROBUST	HumanNet
hsa05332	3.56	3.62	0.31	KEGG diseases	38	ROBUST	HumanNet
hsa05415	6.85	6.77	0.43	KEGG diseases	186	ROBUST	HumanNet
hsa04934	1.7	1.84	0.23	KEGG diseases	152	MaxLink	HumanNet
hsa04950	1.55	1.68	0.23	KEGG diseases	25	MaxLink	HumanNet
hsa05010	2.75	2.73	0.37	KEGG diseases	364	MaxLink	HumanNet
hsa05012	2.12	2.15	0.32	KEGG diseases	249	MaxLink	HumanNet
hsa05014	2.07	2.13	0.28	KEGG diseases	343	MaxLink	HumanNet
hsa05016	1.73	1.85	0.23	KEGG diseases	287	MaxLink	HumanNet
hsa05020	1.73	1.86	0.23	KEGG diseases	253	MaxLink	HumanNet
hsa05022	1.91	2.05	0.22	KEGG diseases	454	MaxLink	HumanNet
hsa05132	1.72	1.87	0.22	KEGG diseases	247	MaxLink	HumanNet
hsa05162	1.63	1.78	0.22	KEGG diseases	138	MaxLink	HumanNet
hsa05164	1.59	1.75	0.2	KEGG diseases	166	MaxLink	HumanNet
hsa05165	1.78	1.93	0.22	KEGG diseases	328	MaxLink	HumanNet
hsa05171	1.62	1.78	0.21	KEGG diseases	226	MaxLink	HumanNet
hsa05200	1.93	2.09	0.22	KEGG diseases	527	MaxLink	HumanNet
hsa05205	1.73	1.89	0.21	KEGG diseases	202	MaxLink	HumanNet
hsa05208	1.63	1.79	0.21	KEGG diseases	205	MaxLink	HumanNet
hsa05219	1.54	1.7	0.22	KEGG diseases	41	MaxLink	HumanNet
hsa05223	1.59	1.72	0.22	KEGG diseases	72	MaxLink	HumanNet
hsa05231	1.54	1.69	0.22	KEGG diseases	97	MaxLink	HumanNet
hsa05321	1.59	1.73	0.23	KEGG diseases	63	MaxLink	HumanNet
hsa05322	1.58	1.73	0.23	KEGG diseases	128	MaxLink	HumanNet
hsa05332	1.52	1.68	0.22	KEGG diseases	38	MaxLink	HumanNet
hsa05415	1.61	1.77	0.21	KEGG diseases	186	MaxLink	HumanNet
